Ad Group,Keyword,Campaign,Criterion Type
heels,buy heels,bata,Exact
heels,price heels,bata,Exact
heels,purchase heels,bata,Exact
heels,cost heels,bata,Exact
heels,discount heels,bata,Exact
heels,buy online heels,bata,Exact
heels,shop online heels,bata,Exact
heels,cheap heels,bata,Exact
heels,best price heels,bata,Exact
heels,lowest price heels,bata,Exact
heels,cheapest heels,bata,Exact
heels,best value heels,bata,Exact
heels,offers heels,bata,Exact
heels,sale heels,bata,Exact
heels,bargain heels,bata,Exact
heels,affordable heels,bata,Exact
boots,buy boots,bata,Exact
boots,price boots,bata,Exact
boots,purchase boots,bata,Exact
boots,cost boots,bata,Exact
boots,discount boots,bata,Exact
boots,buy online boots,bata,Exact
boots,shop online boots,bata,Exact
boots,cheap boots,bata,Exact
boots,best price boots,bata,Exact
boots,lowest price boots,bata,Exact
boots,cheapest boots,bata,Exact
boots,best value boots,bata,Exact
boots,offers boots,bata,Exact
boots,sale boots,bata,Exact
boots,bargain boots,bata,Exact
boots,affordable boots,bata,Exact
flip-flop,buy flip-flop,bata,Exact
flip-flop,price flip-flop,bata,Exact
flip-flop,purchase flip-flop,bata,Exact
flip-flop,cost flip-flop,bata,Exact
flip-flop,discount flip-flop,bata,Exact
flip-flop,buy online flip-flop,bata,Exact
flip-flop,shop online flip-flop,bata,Exact
flip-flop,cheap flip-flop,bata,Exact
flip-flop,best price flip-flop,bata,Exact
flip-flop,lowest price flip-flop,bata,Exact
flip-flop,cheapest flip-flop,bata,Exact
flip-flop,best value flip-flop,bata,Exact
flip-flop,offers flip-flop,bata,Exact
flip-flop,sale flip-flop,bata,Exact
flip-flop,bargain flip-flop,bata,Exact
flip-flop,affordable flip-flop,bata,Exact
sports shoes,buy sports shoes,bata,Exact
sports shoes,price sports shoes,bata,Exact
sports shoes,purchase sports shoes,bata,Exact
sports shoes,cost sports shoes,bata,Exact
sports shoes,discount sports shoes,bata,Exact
sports shoes,buy online sports shoes,bata,Exact
sports shoes,shop online sports shoes,bata,Exact
sports shoes,cheap sports shoes,bata,Exact
sports shoes,best price sports shoes,bata,Exact
sports shoes,lowest price sports shoes,bata,Exact
sports shoes,cheapest sports shoes,bata,Exact
sports shoes,best value sports shoes,bata,Exact
sports shoes,offers sports shoes,bata,Exact
sports shoes,sale sports shoes,bata,Exact
sports shoes,bargain sports shoes,bata,Exact
sports shoes,affordable sports shoes,bata,Exact
slipper,buy slipper,bata,Exact
slipper,price slipper,bata,Exact
slipper,purchase slipper,bata,Exact
slipper,cost slipper,bata,Exact
slipper,discount slipper,bata,Exact
slipper,buy online slipper,bata,Exact
slipper,shop online slipper,bata,Exact
slipper,cheap slipper,bata,Exact
slipper,best price slipper,bata,Exact
slipper,lowest price slipper,bata,Exact
slipper,cheapest slipper,bata,Exact
slipper,best value slipper,bata,Exact
slipper,offers slipper,bata,Exact
slipper,sale slipper,bata,Exact
slipper,bargain slipper,bata,Exact
slipper,affordable slipper,bata,Exact
sandals,buy sandals,bata,Exact
sandals,price sandals,bata,Exact
sandals,purchase sandals,bata,Exact
sandals,cost sandals,bata,Exact
sandals,discount sandals,bata,Exact
sandals,buy online sandals,bata,Exact
sandals,shop online sandals,bata,Exact
sandals,cheap sandals,bata,Exact
sandals,best price sandals,bata,Exact
sandals,lowest price sandals,bata,Exact
sandals,cheapest sandals,bata,Exact
sandals,best value sandals,bata,Exact
sandals,offers sandals,bata,Exact
sandals,sale sandals,bata,Exact
sandals,bargain sandals,bata,Exact
sandals,affordable sandals,bata,Exact
flats,buy flats,bata,Exact
flats,price flats,bata,Exact
flats,purchase flats,bata,Exact
flats,cost flats,bata,Exact
flats,discount flats,bata,Exact
flats,buy online flats,bata,Exact
flats,shop online flats,bata,Exact
flats,cheap flats,bata,Exact
flats,best price flats,bata,Exact
flats,lowest price flats,bata,Exact
flats,cheapest flats,bata,Exact
flats,best value flats,bata,Exact
flats,offers flats,bata,Exact
flats,sale flats,bata,Exact
flats,bargain flats,bata,Exact
flats,affordable flats,bata,Exact
snowshoes,buy snowshoes,bata,Exact
snowshoes,price snowshoes,bata,Exact
snowshoes,purchase snowshoes,bata,Exact
snowshoes,cost snowshoes,bata,Exact
snowshoes,discount snowshoes,bata,Exact
snowshoes,buy online snowshoes,bata,Exact
snowshoes,shop online snowshoes,bata,Exact
snowshoes,cheap snowshoes,bata,Exact
snowshoes,best price snowshoes,bata,Exact
snowshoes,lowest price snowshoes,bata,Exact
snowshoes,cheapest snowshoes,bata,Exact
snowshoes,best value snowshoes,bata,Exact
snowshoes,offers snowshoes,bata,Exact
snowshoes,sale snowshoes,bata,Exact
snowshoes,bargain snowshoes,bata,Exact
snowshoes,affordable snowshoes,bata,Exact
sneaker,buy sneaker,bata,Exact
sneaker,price sneaker,bata,Exact
sneaker,purchase sneaker,bata,Exact
sneaker,cost sneaker,bata,Exact
sneaker,discount sneaker,bata,Exact
sneaker,buy online sneaker,bata,Exact
sneaker,shop online sneaker,bata,Exact
sneaker,cheap sneaker,bata,Exact
sneaker,best price sneaker,bata,Exact
sneaker,lowest price sneaker,bata,Exact
sneaker,cheapest sneaker,bata,Exact
sneaker,best value sneaker,bata,Exact
sneaker,offers sneaker,bata,Exact
sneaker,sale sneaker,bata,Exact
sneaker,bargain sneaker,bata,Exact
sneaker,affordable sneaker,bata,Exact
platformshoe,buy platformshoe,bata,Exact
platformshoe,price platformshoe,bata,Exact
platformshoe,purchase platformshoe,bata,Exact
platformshoe,cost platformshoe,bata,Exact
platformshoe,discount platformshoe,bata,Exact
platformshoe,buy online platformshoe,bata,Exact
platformshoe,shop online platformshoe,bata,Exact
platformshoe,cheap platformshoe,bata,Exact
platformshoe,best price platformshoe,bata,Exact
platformshoe,lowest price platformshoe,bata,Exact
platformshoe,cheapest platformshoe,bata,Exact
platformshoe,best value platformshoe,bata,Exact
platformshoe,offers platformshoe,bata,Exact
platformshoe,sale platformshoe,bata,Exact
platformshoe,bargain platformshoe,bata,Exact
platformshoe,affordable platformshoe,bata,Exact
knee-high boots,buy knee-high boots,bata,Exact
knee-high boots,price knee-high boots,bata,Exact
knee-high boots,purchase knee-high boots,bata,Exact
knee-high boots,cost knee-high boots,bata,Exact
knee-high boots,discount knee-high boots,bata,Exact
knee-high boots,buy online knee-high boots,bata,Exact
knee-high boots,shop online knee-high boots,bata,Exact
knee-high boots,cheap knee-high boots,bata,Exact
knee-high boots,best price knee-high boots,bata,Exact
knee-high boots,lowest price knee-high boots,bata,Exact
knee-high boots,cheapest knee-high boots,bata,Exact
knee-high boots,best value knee-high boots,bata,Exact
knee-high boots,offers knee-high boots,bata,Exact
knee-high boots,sale knee-high boots,bata,Exact
knee-high boots,bargain knee-high boots,bata,Exact
knee-high boots,affordable knee-high boots,bata,Exact
stiletto,buy stiletto,bata,Exact
stiletto,price stiletto,bata,Exact
stiletto,purchase stiletto,bata,Exact
stiletto,cost stiletto,bata,Exact
stiletto,discount stiletto,bata,Exact
stiletto,buy online stiletto,bata,Exact
stiletto,shop online stiletto,bata,Exact
stiletto,cheap stiletto,bata,Exact
stiletto,best price stiletto,bata,Exact
stiletto,lowest price stiletto,bata,Exact
stiletto,cheapest stiletto,bata,Exact
stiletto,best value stiletto,bata,Exact
stiletto,offers stiletto,bata,Exact
stiletto,sale stiletto,bata,Exact
stiletto,bargain stiletto,bata,Exact
stiletto,affordable stiletto,bata,Exact
heels,buy heels,bata,Phrase
heels,price heels,bata,Phrase
heels,purchase heels,bata,Phrase
heels,cost heels,bata,Phrase
heels,discount heels,bata,Phrase
heels,buy online heels,bata,Phrase
heels,shop online heels,bata,Phrase
heels,cheap heels,bata,Phrase
heels,best price heels,bata,Phrase
heels,lowest price heels,bata,Phrase
heels,cheapest heels,bata,Phrase
heels,best value heels,bata,Phrase
heels,offers heels,bata,Phrase
heels,sale heels,bata,Phrase
heels,bargain heels,bata,Phrase
heels,affordable heels,bata,Phrase
boots,buy boots,bata,Phrase
boots,price boots,bata,Phrase
boots,purchase boots,bata,Phrase
boots,cost boots,bata,Phrase
boots,discount boots,bata,Phrase
boots,buy online boots,bata,Phrase
boots,shop online boots,bata,Phrase
boots,cheap boots,bata,Phrase
boots,best price boots,bata,Phrase
boots,lowest price boots,bata,Phrase
boots,cheapest boots,bata,Phrase
boots,best value boots,bata,Phrase
boots,offers boots,bata,Phrase
boots,sale boots,bata,Phrase
boots,bargain boots,bata,Phrase
boots,affordable boots,bata,Phrase
flip-flop,buy flip-flop,bata,Phrase
flip-flop,price flip-flop,bata,Phrase
flip-flop,purchase flip-flop,bata,Phrase
flip-flop,cost flip-flop,bata,Phrase
flip-flop,discount flip-flop,bata,Phrase
flip-flop,buy online flip-flop,bata,Phrase
flip-flop,shop online flip-flop,bata,Phrase
flip-flop,cheap flip-flop,bata,Phrase
flip-flop,best price flip-flop,bata,Phrase
flip-flop,lowest price flip-flop,bata,Phrase
flip-flop,cheapest flip-flop,bata,Phrase
flip-flop,best value flip-flop,bata,Phrase
flip-flop,offers flip-flop,bata,Phrase
flip-flop,sale flip-flop,bata,Phrase
flip-flop,bargain flip-flop,bata,Phrase
flip-flop,affordable flip-flop,bata,Phrase
sports shoes,buy sports shoes,bata,Phrase
sports shoes,price sports shoes,bata,Phrase
sports shoes,purchase sports shoes,bata,Phrase
sports shoes,cost sports shoes,bata,Phrase
sports shoes,discount sports shoes,bata,Phrase
sports shoes,buy online sports shoes,bata,Phrase
sports shoes,shop online sports shoes,bata,Phrase
sports shoes,cheap sports shoes,bata,Phrase
sports shoes,best price sports shoes,bata,Phrase
sports shoes,lowest price sports shoes,bata,Phrase
sports shoes,cheapest sports shoes,bata,Phrase
sports shoes,best value sports shoes,bata,Phrase
sports shoes,offers sports shoes,bata,Phrase
sports shoes,sale sports shoes,bata,Phrase
sports shoes,bargain sports shoes,bata,Phrase
sports shoes,affordable sports shoes,bata,Phrase
slipper,buy slipper,bata,Phrase
slipper,price slipper,bata,Phrase
slipper,purchase slipper,bata,Phrase
slipper,cost slipper,bata,Phrase
slipper,discount slipper,bata,Phrase
slipper,buy online slipper,bata,Phrase
slipper,shop online slipper,bata,Phrase
slipper,cheap slipper,bata,Phrase
slipper,best price slipper,bata,Phrase
slipper,lowest price slipper,bata,Phrase
slipper,cheapest slipper,bata,Phrase
slipper,best value slipper,bata,Phrase
slipper,offers slipper,bata,Phrase
slipper,sale slipper,bata,Phrase
slipper,bargain slipper,bata,Phrase
slipper,affordable slipper,bata,Phrase
sandals,buy sandals,bata,Phrase
sandals,price sandals,bata,Phrase
sandals,purchase sandals,bata,Phrase
sandals,cost sandals,bata,Phrase
sandals,discount sandals,bata,Phrase
sandals,buy online sandals,bata,Phrase
sandals,shop online sandals,bata,Phrase
sandals,cheap sandals,bata,Phrase
sandals,best price sandals,bata,Phrase
sandals,lowest price sandals,bata,Phrase
sandals,cheapest sandals,bata,Phrase
sandals,best value sandals,bata,Phrase
sandals,offers sandals,bata,Phrase
sandals,sale sandals,bata,Phrase
sandals,bargain sandals,bata,Phrase
sandals,affordable sandals,bata,Phrase
flats,buy flats,bata,Phrase
flats,price flats,bata,Phrase
flats,purchase flats,bata,Phrase
flats,cost flats,bata,Phrase
flats,discount flats,bata,Phrase
flats,buy online flats,bata,Phrase
flats,shop online flats,bata,Phrase
flats,cheap flats,bata,Phrase
flats,best price flats,bata,Phrase
flats,lowest price flats,bata,Phrase
flats,cheapest flats,bata,Phrase
flats,best value flats,bata,Phrase
flats,offers flats,bata,Phrase
flats,sale flats,bata,Phrase
flats,bargain flats,bata,Phrase
flats,affordable flats,bata,Phrase
snowshoes,buy snowshoes,bata,Phrase
snowshoes,price snowshoes,bata,Phrase
snowshoes,purchase snowshoes,bata,Phrase
snowshoes,cost snowshoes,bata,Phrase
snowshoes,discount snowshoes,bata,Phrase
snowshoes,buy online snowshoes,bata,Phrase
snowshoes,shop online snowshoes,bata,Phrase
snowshoes,cheap snowshoes,bata,Phrase
snowshoes,best price snowshoes,bata,Phrase
snowshoes,lowest price snowshoes,bata,Phrase
snowshoes,cheapest snowshoes,bata,Phrase
snowshoes,best value snowshoes,bata,Phrase
snowshoes,offers snowshoes,bata,Phrase
snowshoes,sale snowshoes,bata,Phrase
snowshoes,bargain snowshoes,bata,Phrase
snowshoes,affordable snowshoes,bata,Phrase
sneaker,buy sneaker,bata,Phrase
sneaker,price sneaker,bata,Phrase
sneaker,purchase sneaker,bata,Phrase
sneaker,cost sneaker,bata,Phrase
sneaker,discount sneaker,bata,Phrase
sneaker,buy online sneaker,bata,Phrase
sneaker,shop online sneaker,bata,Phrase
sneaker,cheap sneaker,bata,Phrase
sneaker,best price sneaker,bata,Phrase
sneaker,lowest price sneaker,bata,Phrase
sneaker,cheapest sneaker,bata,Phrase
sneaker,best value sneaker,bata,Phrase
sneaker,offers sneaker,bata,Phrase
sneaker,sale sneaker,bata,Phrase
sneaker,bargain sneaker,bata,Phrase
sneaker,affordable sneaker,bata,Phrase
platformshoe,buy platformshoe,bata,Phrase
platformshoe,price platformshoe,bata,Phrase
platformshoe,purchase platformshoe,bata,Phrase
platformshoe,cost platformshoe,bata,Phrase
platformshoe,discount platformshoe,bata,Phrase
platformshoe,buy online platformshoe,bata,Phrase
platformshoe,shop online platformshoe,bata,Phrase
platformshoe,cheap platformshoe,bata,Phrase
platformshoe,best price platformshoe,bata,Phrase
platformshoe,lowest price platformshoe,bata,Phrase
platformshoe,cheapest platformshoe,bata,Phrase
platformshoe,best value platformshoe,bata,Phrase
platformshoe,offers platformshoe,bata,Phrase
platformshoe,sale platformshoe,bata,Phrase
platformshoe,bargain platformshoe,bata,Phrase
platformshoe,affordable platformshoe,bata,Phrase
knee-high boots,buy knee-high boots,bata,Phrase
knee-high boots,price knee-high boots,bata,Phrase
knee-high boots,purchase knee-high boots,bata,Phrase
knee-high boots,cost knee-high boots,bata,Phrase
knee-high boots,discount knee-high boots,bata,Phrase
knee-high boots,buy online knee-high boots,bata,Phrase
knee-high boots,shop online knee-high boots,bata,Phrase
knee-high boots,cheap knee-high boots,bata,Phrase
knee-high boots,best price knee-high boots,bata,Phrase
knee-high boots,lowest price knee-high boots,bata,Phrase
knee-high boots,cheapest knee-high boots,bata,Phrase
knee-high boots,best value knee-high boots,bata,Phrase
knee-high boots,offers knee-high boots,bata,Phrase
knee-high boots,sale knee-high boots,bata,Phrase
knee-high boots,bargain knee-high boots,bata,Phrase
knee-high boots,affordable knee-high boots,bata,Phrase
stiletto,buy stiletto,bata,Phrase
stiletto,price stiletto,bata,Phrase
stiletto,purchase stiletto,bata,Phrase
stiletto,cost stiletto,bata,Phrase
stiletto,discount stiletto,bata,Phrase
stiletto,buy online stiletto,bata,Phrase
stiletto,shop online stiletto,bata,Phrase
stiletto,cheap stiletto,bata,Phrase
stiletto,best price stiletto,bata,Phrase
stiletto,lowest price stiletto,bata,Phrase
stiletto,cheapest stiletto,bata,Phrase
stiletto,best value stiletto,bata,Phrase
stiletto,offers stiletto,bata,Phrase
stiletto,sale stiletto,bata,Phrase
stiletto,bargain stiletto,bata,Phrase
stiletto,affordable stiletto,bata,Phrase
